experiment_id,experiment,condition,train_trajectories,optimizer_updates,one_step_body_rmse,position_rmse,final_position_error,heading_rmse,path_length_error,best_validation_mse
0,A_Simulator_Sanity,perfect_analytic,0,0,0.0,0.0,0.0,0.0,0.0,0.0
1,B_Narrow_Control,narrow_well_covered,48,300,0.0007437176536768675,0.011496037506396009,0.017071780622275615,0.009499260911925569,-0.00583903963213972,0.003074024338275194
2,C_Initial_Heading_Invariance,unseen_test_headings,48,300,0.0013508173869922757,0.03228345398627216,0.052144073040308395,0.02063342740262161,-0.0006244699849330404,0.0036357156932353973
3,D_Data_Quantity,train_08,8,300,0.0021852138452231884,0.0658767746210032,0.13172339462589014,0.050809450904695214,-0.019246079860340104,0.02804671972990036
3,D_Data_Quantity,train_24,24,300,0.001667649019509554,0.051767471219616,0.10166739966102745,0.03769095840017932,-0.01718395428209729,0.00882667489349842
3,D_Data_Quantity,train_48,48,300,0.0017727905651554465,0.054846782470785574,0.10826246489147769,0.04080255137223108,-0.028063223937675463,0.008396035060286522
4,E_Data_Variety,many_similar_48,48,300,0.025059984996914864,0.6001984302556242,1.0095273839346968,0.40847267997694847,-0.5001679651881004,95.79676818847656
4,E_Data_Variety,fewer_varied_12,12,300,0.0023299618624150753,0.07345476801541641,0.1461068635066018,0.055261527075065014,-0.042147957231292776,0.02312343195080757
5,F_Optimizer_Updates,updates_0100,48,100,0.003076343098655343,0.08880574822623861,0.16590266061409675,0.06140327314408842,-0.055105398819659424,0.051563285291194916
5,F_Optimizer_Updates,updates_0300,48,300,0.0017727905651554465,0.054846782470785574,0.10826246489147769,0.04080255137223108,-0.028063223937675463,0.008396035060286522
5,F_Optimizer_Updates,updates_0900,48,900,0.0004959317739121616,0.014771099415809634,0.027796375287636677,0.009971062073546746,-0.007515897482725575,0.0017926316941156983
