epoch,optimizer_step,samples_seen,learning_rate,training_loss,validation_loss
1,200,32000,0.001,0.3380568744242191,0.22877974808216095
2,400,64000,0.001,0.2719523239135742,0.15023474395275116
3,600,96000,0.001,0.1708765469864011,0.029627088457345963
4,800,128000,0.001,0.10232059992849826,0.005524773150682449
5,1000,160000,0.001,0.09051599036902189,0.005394741427153349
6,1200,192000,0.001,0.08681230638176203,0.0032679284922778606
7,1400,224000,0.001,0.08240323379635811,0.0025639899540692568
8,1600,256000,0.001,0.07793521670624613,0.0019889369141310453
9,1800,288000,0.001,0.07339121051132678,0.0027210526168346405
10,2000,320000,0.001,0.07039179155603051,0.0024577807635068893
11,2200,352000,0.001,0.06789782773703337,0.0017833791207522154
12,2400,384000,0.001,0.06568850924260915,0.0009323681006208062
13,2600,416000,0.001,0.06399849927052856,0.0022363534662872553
14,2800,448000,0.001,0.06261228736490011,0.0018201163038611412
15,3000,480000,0.001,0.06170943564735353,0.0011280504986643791
16,3200,512000,0.001,0.06026798370294273,0.0014128112234175205
17,3400,544000,0.001,0.05945420116186142,0.0016322903102263808
18,3600,576000,0.001,0.057993021262809634,0.0009080254822038114
19,3800,608000,0.001,0.05668756663799286,0.0009069417719729245
20,4000,640000,0.001,0.0549503301968798,0.0016470665577799082
21,4200,672000,0.001,0.05384723387658596,0.0015187558019533753
22,4400,704000,0.001,0.051934216069057584,0.001301515381783247
23,4600,736000,0.001,0.049857253395020965,0.0031969845294952393
24,4800,768000,0.001,0.048096304582431915,0.001050475868396461
25,5000,800000,0.001,0.04603634676896036,0.0010001157643273473
26,5200,832000,0.001,0.04472754281945526,0.0007621017866767943
27,5400,864000,0.001,0.043215285083279015,0.0011416618945077062
28,5600,896000,0.001,0.040827390560880306,0.0008973183576017618
29,5800,928000,0.001,0.038017360041849316,0.0006426868494600058
30,6000,960000,0.001,0.0345534735918045,0.0010220168624073267
31,6200,992000,0.001,0.02965851761866361,0.0006864428287371993
32,6400,1024000,0.001,0.024738427330739797,0.0010948290582746267
33,6600,1056000,0.001,0.021061317287385462,0.0009961645118892193
34,6800,1088000,0.001,0.017922100611031055,0.0013518112245947123
35,7000,1120000,0.001,0.015681229275651277,0.0007052329601719975
36,7200,1152000,0.001,0.01385945437476039,0.0014466283610090613
37,7400,1184000,0.001,0.012767348524648696,0.0005196709535084665
38,7600,1216000,0.001,0.011809642544249073,0.00048078331747092307
39,7800,1248000,0.001,0.011182155016576871,0.00036282703513279557
40,8000,1280000,0.001,0.010614560420508496,0.00045074825175106525
41,8200,1312000,0.001,0.010243997770594433,0.0005960234557278454
42,8400,1344000,0.001,0.009735259190783836,0.0006844075978733599
43,8600,1376000,0.001,0.009340879339142703,0.0006127990200184286
44,8800,1408000,0.001,0.009243220813805237,0.000767578138038516
45,9000,1440000,0.001,0.009027015260653571,0.0003085448406636715
46,9200,1472000,0.001,0.00868999554135371,0.0008927312446758151
47,9400,1504000,0.001,0.008471816554665565,0.0004310358490329236
48,9600,1536000,0.001,0.008177450816729106,0.00021033248049207032
49,9800,1568000,0.001,0.008036853956291452,0.0005944757140241563
50,10000,1600000,0.001,0.007818564607878215,0.0002954998635686934
51,10200,1632000,0.001,0.0077099080767948185,0.0003137284656986594
52,10400,1664000,0.001,0.00747003609809326,0.0003833601949736476
53,10600,1696000,0.001,0.007112216647947207,0.00031955415033735335
54,10800,1728000,0.001,0.007060385592631065,0.000490858918055892
55,11000,1760000,0.001,0.006944032840256114,0.00029607981559820473
56,11200,1792000,0.001,0.006641726462403312,0.00024190002295654267
57,11400,1824000,0.001,0.00645389066223288,0.00015974135021679103
58,11600,1856000,0.001,0.006353474655625178,0.0004895338788628578
59,11800,1888000,0.001,0.006196613508509472,0.0006368590984493494
60,12000,1920000,0.001,0.006050446799490601,0.0003328707825858146
61,12200,1952000,0.001,0.00602083549456438,0.0005815787590108812
62,12400,1984000,0.001,0.005667452048219275,0.000494046020321548
63,12600,2016000,0.001,0.005445076476898975,0.00018538102449383587
64,12800,2048000,0.001,0.005305015960766468,0.0003807989996857941
65,13000,2080000,0.001,0.005223162238253281,0.0008755837916396558
66,13200,2112000,0.001,0.004995863316289615,0.00030025490559637547
67,13400,2144000,0.001,0.004876597072870937,0.0004590781463775784
68,13600,2176000,0.0005,0.004714929689944256,0.0006529756938107312
69,13800,2208000,0.0005,0.004274704248236958,0.0002009817835642025
70,14000,2240000,0.0005,0.004191203825903358,0.00018278400239069015
71,14200,2272000,0.0005,0.004219062515185215,0.0003245681000407785
72,14400,2304000,0.0005,0.004110784884542227,0.000283260946162045
73,14600,2336000,0.0005,0.004060273288196185,0.0002612135431263596
74,14800,2368000,0.0005,0.0039226959474035535,0.0002510134654585272
75,15000,2400000,0.0005,0.003850743061339017,0.00020081031834706664
76,15200,2432000,0.0005,0.00379480526316911,0.0001900686911540106
77,15400,2464000,0.0005,0.0038391958599095235,0.0002467580488882959
78,15600,2496000,0.0005,0.0036800909851444886,0.0003186324902344495
79,15800,2528000,0.00025,0.0037019605256500654,0.00023551876074634492
80,16000,2560000,0.00025,0.0034667004967923274,0.00025022949557751417
81,16200,2592000,0.00025,0.003432303094305098,0.00018665060633793473
82,16400,2624000,0.00025,0.0033680199293303304,0.00017546251183375716
83,16600,2656000,0.00025,0.003386197923828149,0.00021534947154577821
84,16800,2688000,0.00025,0.003389758649864234,0.00020945569849573076
85,17000,2720000,0.00025,0.00330119442063733,0.0001840683544287458
86,17200,2752000,0.00025,0.0032867558812722563,0.00018143626220989972
87,17400,2784000,0.00025,0.0032231956157193053,0.00016090000281110406
88,17600,2816000,0.00025,0.0032020822723279707,0.00019877540762536228
89,17800,2848000,0.00025,0.003159299741673749,0.0001745267800288275
90,18000,2880000,0.000125,0.0031548758171265944,0.00019375866395421326
91,18200,2912000,0.000125,0.0030585545679787172,0.000159615243319422
92,18400,2944000,0.000125,0.0030626725668844302,0.00018117150466423482
93,18600,2976000,0.000125,0.00302887155492499,0.00018520679441280663
94,18800,3008000,0.000125,0.00300395565762301,0.00020929457969032228
95,19000,3040000,0.000125,0.00298537613634835,0.0001453223085263744
96,19200,3072000,0.000125,0.0029851242601580453,0.0001692134392214939
97,19400,3104000,0.000125,0.002957549732673215,0.00016980284999590367
98,19600,3136000,0.000125,0.0029509218761813827,0.00019209555466659367
99,19800,3168000,0.000125,0.0029428458109032364,0.00015631818678230047
100,20000,3200000,0.000125,0.002936006196687231,0.000176199697307311
