epoch,optimizer_updates,batch_size,batches_per_epoch,train_loss,validation_loss,learning_rate,epoch_seconds
1,2,256,2,0.8895542979240417,1.214012861251831,0.001,0.01042450001114048
2,4,256,2,0.7615407903989156,1.0574289560317993,0.001,0.007008400003542192
3,6,256,2,0.6446362535158793,0.9174495935440063,0.001,0.006682700011879206
4,8,256,2,0.5422177831331889,0.792415201663971,0.001,0.006899200001498684
5,10,256,2,0.45201875766118366,0.6810794472694397,0.001,0.012181500002043322
6,12,256,2,0.37389691670735675,0.5837209820747375,0.001,0.013722299991059117
7,14,256,2,0.3075976649920146,0.49986889958381653,0.001,0.012960899999598041
8,16,256,2,0.2514921009540558,0.4300974905490875,0.001,0.010771700006444007
9,18,256,2,0.20969505508740743,0.3727390766143799,0.001,0.010979700004099868
10,20,256,2,0.17773026823997498,0.32833755016326904,0.001,0.01244320000114385
11,22,256,2,0.155871444940567,0.29576876759529114,0.001,0.01903209999727551
12,24,256,2,0.14379110435644785,0.2729152739048004,0.001,0.014745399996172637
13,26,256,2,0.13838745454947154,0.2578601539134979,0.001,0.010934599995380268
14,28,256,2,0.13762786189715068,0.24834884703159332,0.001,0.005208199989283457
15,30,256,2,0.1391956776380539,0.24194253981113434,0.001,0.004338499988080002
16,32,256,2,0.140897203485171,0.23747028410434723,0.001,0.005712600002880208
17,34,256,2,0.14110555251439413,0.23397333920001984,0.001,0.004745999991428107
18,36,256,2,0.13978929022947947,0.23129497468471527,0.001,0.005712800004403107
19,38,256,2,0.13694384594758352,0.2287876158952713,0.001,0.007239900005515665
20,40,256,2,0.13303863406181335,0.22694115340709686,0.001,0.007409899990307167
21,42,256,2,0.12864508777856826,0.22604253888130188,0.001,0.0066820999927585945
22,44,256,2,0.12426988134781519,0.22590272128582,0.001,0.005103400006191805
23,46,256,2,0.120078806579113,0.22598151862621307,0.001,0.00478560000192374
24,48,256,2,0.11643848518530528,0.22581425309181213,0.001,0.005434500009869225
25,50,256,2,0.11344651132822037,0.22603103518486023,0.001,0.0052657000051112846
26,52,256,2,0.11101805766423543,0.22547149658203125,0.001,0.005206800007726997
27,54,256,2,0.10894541045029958,0.22471167147159576,0.001,0.005926300000282936
28,56,256,2,0.10724370976289113,0.22316156327724457,0.001,0.0058656000037444755
29,58,256,2,0.10550346026817957,0.22045724093914032,0.001,0.005487300004460849
30,60,256,2,0.10363368491331736,0.21649199724197388,0.001,0.0053343000035965815
31,62,256,2,0.10149139662583669,0.21208779513835907,0.001,0.006920400002854876
32,64,256,2,0.09921398262182872,0.2067287266254425,0.001,0.005647499987389892
33,66,256,2,0.09685346881548564,0.20104996860027313,0.001,0.005463499997858889
34,68,256,2,0.0943388303120931,0.19573253393173218,0.001,0.004992999995010905
35,70,256,2,0.09180696805318196,0.19032242894172668,0.001,0.004901900014374405
36,72,256,2,0.08953982094923656,0.18486368656158447,0.001,0.004742299992358312
37,74,256,2,0.08685980389515559,0.18003743886947632,0.001,0.00457520000054501
38,76,256,2,0.08426301777362824,0.17584623396396637,0.001,0.004444400008651428
39,78,256,2,0.08180396805206934,0.17208369076251984,0.001,0.0043513999989954755
40,80,256,2,0.07935919910669327,0.16791360080242157,0.001,0.007153300000936724
41,82,256,2,0.07674211462338766,0.16398927569389343,0.001,0.00715100001252722
42,84,256,2,0.07418117970228195,0.15986080467700958,0.001,0.00726280000526458
43,86,256,2,0.07157943944136301,0.15585742890834808,0.001,0.007219599996460602
44,88,256,2,0.06879467219114303,0.15177211165428162,0.001,0.008751300003495999
45,90,256,2,0.06639393692215284,0.14724446833133698,0.001,0.008677299992996268
46,92,256,2,0.06348218222459158,0.14343573153018951,0.001,0.006954199998290278
47,94,256,2,0.060816222925980885,0.13912023603916168,0.001,0.0070238999905996025
48,96,256,2,0.05822961926460266,0.13462010025978088,0.001,0.007240399994770996
49,98,256,2,0.05560791393121083,0.13042660057544708,0.001,0.008511499996529892
50,100,256,2,0.0530086691180865,0.1261633038520813,0.001,0.008040800006710924
51,102,256,2,0.05031837572654088,0.12179838120937347,0.001,0.006646799985901453
52,104,256,2,0.047804994384447734,0.11736392974853516,0.001,0.006321699998807162
53,106,256,2,0.045385584731896716,0.11282200366258621,0.001,0.007591300003696233
54,108,256,2,0.043214634681741394,0.10824303328990936,0.001,0.0067777000076603144
55,110,256,2,0.04070069516698519,0.10374327003955841,0.001,0.0070324999978765845
56,112,256,2,0.03843476076920827,0.09972187876701355,0.001,0.007876799994846806
57,114,256,2,0.03613701537251472,0.09579452872276306,0.001,0.007028900014120154
58,116,256,2,0.03399431258440018,0.09234976023435593,0.001,0.007880700009991415
59,118,256,2,0.03198767180244128,0.08872096985578537,0.001,0.0077631000021938235
60,120,256,2,0.030251570915182432,0.08512132614850998,0.001,0.0083087999955751
61,122,256,2,0.028321358064810436,0.08195634186267853,0.001,0.00922369999170769
62,124,256,2,0.0266379464417696,0.07889651507139206,0.001,0.011953699999139644
63,126,256,2,0.02499690055847168,0.07591547071933746,0.001,0.009240500003215857
64,128,256,2,0.02353088731567065,0.07311660796403885,0.001,0.008830799997667782
65,130,256,2,0.022157075504461925,0.07030363380908966,0.001,0.01109800000267569
66,132,256,2,0.020955520744125048,0.06766103208065033,0.001,0.006792100000893697
67,134,256,2,0.01974411532282829,0.06521210819482803,0.001,0.006037099999957718
68,136,256,2,0.018691568387051424,0.062934510409832,0.001,0.00678870000410825
69,138,256,2,0.017682588100433348,0.06075362116098404,0.001,0.009991200000513345
70,140,256,2,0.016840546329816183,0.0588235966861248,0.001,0.006909000003361143
71,142,256,2,0.01602471570173899,0.057031143456697464,0.001,0.007052499990095384
72,144,256,2,0.015297625089685123,0.055467478930950165,0.001,0.0071050999977160245
73,146,256,2,0.01467999027421077,0.053946442902088165,0.001,0.0074357999983476475
74,148,256,2,0.014087806890408198,0.05258524790406227,0.001,0.006923499997355975
75,150,256,2,0.013630347947279612,0.051283519715070724,0.001,0.005135100000188686
76,152,256,2,0.013193056266754866,0.04994014650583267,0.001,0.007320200005779043
77,154,256,2,0.012726349259416262,0.048826660960912704,0.001,0.0077103000076022
78,156,256,2,0.012349237563709418,0.04780561476945877,0.001,0.007186999995610677
79,158,256,2,0.012035391790171464,0.04689806327223778,0.001,0.005939199996646494
80,160,256,2,0.011717855868240198,0.046024397015571594,0.001,0.006797599999117665
81,162,256,2,0.011488688364624976,0.04537148028612137,0.001,0.007448999996995553
82,164,256,2,0.011196628275016943,0.04472287371754646,0.001,0.010567299992544577
83,166,256,2,0.011019446918119987,0.04412318021059036,0.001,0.008807100006379187
84,168,256,2,0.01075793318450451,0.043434225022792816,0.001,0.008092799995210953
85,170,256,2,0.010545668999354045,0.042802948504686356,0.001,0.00866380000661593
86,172,256,2,0.010348155287404855,0.042247574776411057,0.001,0.008110100010526367
87,174,256,2,0.01018778874228398,0.04172910749912262,0.001,0.007985200005350634
88,176,256,2,0.010002794302999973,0.0412452295422554,0.001,0.008507200007443316
89,178,256,2,0.009828573154906432,0.04082700237631798,0.001,0.008133099996484816
90,180,256,2,0.009659458696842194,0.04034673422574997,0.001,0.007762399996863678
91,182,256,2,0.009525208733975887,0.03998160734772682,0.001,0.007303699996555224
92,184,256,2,0.009348755329847335,0.03962274640798569,0.001,0.0068863999913446605
93,186,256,2,0.009222618583589793,0.03925225883722305,0.001,0.007907000006525777
94,188,256,2,0.009089588311811288,0.03887498751282692,0.001,0.006831900012912229
95,190,256,2,0.008925388753414153,0.03851655498147011,0.001,0.008660099992994219
96,192,256,2,0.008790574222803115,0.03815985098481178,0.001,0.007228599992231466
97,194,256,2,0.008665011636912823,0.03784089535474777,0.001,0.006841099995654076
98,196,256,2,0.008537472722431024,0.037593744695186615,0.001,0.006620200001634657
99,198,256,2,0.008413962461054325,0.0373435840010643,0.001,0.007469599993783049
100,200,256,2,0.008295120236774286,0.03705783188343048,0.001,0.007136200001696125
101,202,256,2,0.008176282607018947,0.03681154176592827,0.001,0.007380399998510256
102,204,256,2,0.00806362039099137,0.03652326017618179,0.001,0.007794600009219721
103,206,256,2,0.00795763401935498,0.036242470145225525,0.001,0.006746699989889748
104,208,256,2,0.007828882709145547,0.03593314811587334,0.001,0.008458999989670701
105,210,256,2,0.007735023150841395,0.035685040056705475,0.001,0.00867120000475552
106,212,256,2,0.007625464194764693,0.03539281338453293,0.001,0.008740699995541945
107,214,256,2,0.007518655310074489,0.035185523331165314,0.001,0.006846299991593696
108,216,256,2,0.007430208070824544,0.03495180234313011,0.001,0.008755000002565794
109,218,256,2,0.007340176155169805,0.034710925072431564,0.001,0.005404600000474602
110,220,256,2,0.007251654254893462,0.03462939336895943,0.001,0.004965400003129616
111,222,256,2,0.007142532306412856,0.034405417740345,0.001,0.0056293000088771805
112,224,256,2,0.007051821860174338,0.0342109352350235,0.001,0.004736699993372895
113,226,256,2,0.006973401643335819,0.03397936373949051,0.001,0.005187500006286427
114,228,256,2,0.006884317907194296,0.03372357785701752,0.001,0.006093199990573339
115,230,256,2,0.006790145579725504,0.03341711685061455,0.001,0.004591199991409667
116,232,256,2,0.0067081375047564505,0.033084623515605927,0.001,0.004313600002205931
117,234,256,2,0.006624993619819482,0.03288301080465317,0.001,0.005348000006051734
118,236,256,2,0.006544857906798522,0.03277258947491646,0.001,0.004487599988351576
119,238,256,2,0.006471090950071812,0.03273378312587738,0.001,0.005786399997305125
120,240,256,2,0.0063940117446084814,0.032691143453121185,0.001,0.006139399993116967
121,242,256,2,0.006323522484550873,0.032537735998630524,0.001,0.004939800011925399
122,244,256,2,0.006240119008968274,0.03225986286997795,0.001,0.004853800011915155
123,246,256,2,0.006187969166785478,0.031915899366140366,0.001,0.005135200000950135
124,248,256,2,0.0060985427349805835,0.031577855348587036,0.001,0.005145599992829375
125,250,256,2,0.006033407058566809,0.0314071923494339,0.001,0.004714900001999922
126,252,256,2,0.005968489435811838,0.03131568804383278,0.001,0.005319300005794503
127,254,256,2,0.005891242840637763,0.031264305114746094,0.001,0.005261999991489574
128,256,256,2,0.005835397976140181,0.031231435015797615,0.001,0.0062583000108134
129,258,256,2,0.005762227810919285,0.031044522300362587,0.001,0.004882900000666268
130,260,256,2,0.005707387688259283,0.030851854011416435,0.001,0.004478600007132627
131,262,256,2,0.005636285897344351,0.03067403845489025,0.001,0.004586600000038743
132,264,256,2,0.005573195032775402,0.03051711805164814,0.001,0.00490709999576211
133,266,256,2,0.00551830908904473,0.030306218191981316,0.001,0.006586599993170239
134,268,256,2,0.005462761937330167,0.030109204351902008,0.001,0.005232399998931214
135,270,256,2,0.005411519420643648,0.029882363975048065,0.001,0.004714299997431226
136,272,256,2,0.0053501689806580545,0.029843121767044067,0.001,0.16132649999053683
137,274,256,2,0.0053009908956786,0.029913626611232758,0.001,0.006393000003299676
138,276,256,2,0.005236140452325344,0.029736218973994255,0.001,0.005652200008626096
139,278,256,2,0.0051822173098723095,0.02954115904867649,0.001,0.005513199997949414
140,280,256,2,0.00512900548055768,0.029312171041965485,0.001,0.005365799996070564
141,282,256,2,0.005075711756944656,0.02917277067899704,0.001,0.00622280000243336
142,284,256,2,0.00502520107353727,0.029086897149682045,0.001,0.005234300013398752
143,286,256,2,0.004977374306569497,0.02899903804063797,0.001,0.005801700011943467
144,288,256,2,0.004935357409218947,0.028829852119088173,0.001,0.006437899995944463
145,290,256,2,0.004871794984986385,0.028777744621038437,0.001,0.0045627999934367836
146,292,256,2,0.0048301509891947115,0.0287459846585989,0.001,0.004655800003092736
147,294,256,2,0.004780999384820461,0.028604986146092415,0.001,0.00543969999125693
148,296,256,2,0.004739001812413335,0.028382377699017525,0.001,0.004514700005529448
149,298,256,2,0.004687574940423171,0.028178364038467407,0.001,0.0056428999960189685
150,300,256,2,0.0046481122573216755,0.02804671972990036,0.001,0.005197799997404218
